{
  "project_info": {
    "project_number": "202152988584",
    "project_id": "flutterapp1771020283",
    "storage_bucket": "flutterapp1771020283.firebasestorage.app"
  },
  "client": [
    {
      "client_info": {
        "mobilesdk_app_id": "1:202152988584:android:c1f226741276bc166ad79d",
        "android_client_info": {
          "package_name": "com.example.sv1771020283"
        }
      },
      "oauth_client": [],
      "api_key": [
        {
          "current_key": "AIzaSyAZKLuUl76Ac5M1YmGF02-empW7Cv9MlmQ"
        }
      ],
      "services": {
        "appinvite_service": {
          "other_platform_oauth_client": []
        }
      }
    }
  ],
  "configuration_version": "1"
}